Workbook

Sheet Lotus Diagram
B1: Lotus diagram: digitalisasi SLIK di bank (dari sales screening manual ke robot RPA)
B2: Sel biru di tengah = topik inti (bisa diubah). Isi kelopak mengikuti sheet Detail.
B4: =Detail!D5 -> Aplikasi kredit masuk dari LOS | C4: =Detail!D6 -> Robot terpicu otomatis (event/jadwal) | D4: =Detail!D7 -> Login ke portal iDeb SLIK | E4: =Detail!D13 -> Kolektibilitas 1 sampai 5 per fasilitas | F4: =Detail!D14 -> Total plafon dan outstanding lintas lembaga | G4: =Detail!D15 -> Riwayat pembayaran 12-24 bulan | H4: =Detail!D21 -> Platform RPA (contoh: UiPath, Power Automate) | I4: =Detail!D22 -> Konektor API SLIK OJK | J4: =Detail!D23 -> Integrasi dengan LOS dan core banking
B5: =Detail!D12 -> Notifikasi hasil ke sales dan analis | C5: =Detail!A5&". "&Detail!B5 -> A. Proses dan alur | D5: =Detail!D8 -> Input NIK/NPWP debitur | E5: =Detail!D20 -> Versi dan retensi laporan SLIK | F5: =Detail!A13&". "&Detail!B13 -> B. Data dan kualitas | G5: =Detail!D16 -> Status restrukturisasi dan hapus buku | H5: =Detail!D28 -> Environment DEV, UAT, PROD | I5: =Detail!A21&". "&Detail!B21 -> C. Teknologi dan integrasi | J5: =Detail!D24 -> Orchestrator dan scheduler bot
B6: =Detail!D11 -> Simpan hasil ke LOS/database | C6: =Detail!D10 -> Parsing dan ekstraksi data hasil | D6: =Detail!D9 -> Tarik laporan iDeb | E6: =Detail!D19 -> Penanganan kasus no-hit atau data kosong | F6: =Detail!D18 -> Validasi NIK ke Dukcapil | G6: =Detail!D17 -> Data penjamin dan grup terkait | H6: =Detail!D27 -> Server bot dan jaringan | I6: =Detail!D26 -> Parser PDF/TXT/JSON laporan | J6: =Detail!D25 -> Credential vault untuk akun bot
B7: =Detail!D61 -> Baseline proses manual (TAT, error) | C7: =Detail!D62 -> Pilot satu produk kredit | D7: =Detail!D63 -> UAT dan parallel run | E7: =Detail!A5&". "&Detail!B5 -> A. Proses dan alur | F7: =Detail!A13&". "&Detail!B13 -> B. Data dan kualitas | G7: =Detail!A21&". "&Detail!B21 -> C. Teknologi dan integrasi | H7: =Detail!D29 -> Consent debitur sebelum penarikan SLIK | I7: =Detail!D30 -> Segregation of duties (bot vs pengguna) | J7: =Detail!D31 -> Audit trail dan log aktivitas bot
B8: =Detail!D68 -> Integrasi dengan credit scoring | C8: =Detail!A61&". "&Detail!B61 -> H. Roadmap dan peningkatan | D8: =Detail!D64 -> Go-live bertahap | E8: =Detail!A61&". "&Detail!B61 -> H. Roadmap dan peningkatan | F8: Digitalisasi SLIK dengan robot RPA (dari sales screening manual) | G8: =Detail!A29&". "&Detail!B29 -> D. Risiko dan kontrol | H8: =Detail!D36 -> Maker-checker atas hasil robot | I8: =Detail!A29&". "&Detail!B29 -> D. Risiko dan kontrol | J8: =Detail!D32 -> Exception handling dan retry
B9: =Detail!D67 -> Migrasi dari RPA ke API langsung | C9: =Detail!D66 -> Rule engine pra-skoring | D9: =Detail!D65 -> Dashboard monitoring bot | E9: =Detail!A53&". "&Detail!B53 -> G. Manfaat dan KPI | F9: =Detail!A45&". "&Detail!B45 -> F. Organisasi dan SDM | G9: =Detail!A37&". "&Detail!B37 -> E. Kepatuhan dan regulasi | H9: =Detail!D35 -> Risiko kebocoran data | I9: =Detail!D34 -> Bot down: fallback manual | J9: =Detail!D33 -> Perubahan UI atau format portal
B10: =Detail!D53 -> TAT turun (dari jam/hari ke menit) | C10: =Detail!D54 -> Human error turun | D10: =Detail!D55 -> Biaya per pengecekan | E10: =Detail!D45 -> Sales fokus ke prospek dan penjualan | F10: =Detail!D46 -> Tim analis kredit | G10: =Detail!D47 -> Tim developer RPA | H10: =Detail!D37 -> Regulasi OJK tentang SLIK | I10: =Detail!D38 -> UU Pelindungan Data Pribadi | J10: =Detail!D39 -> Surat persetujuan nasabah
B11: =Detail!D60 -> Kapasitas sales untuk jualan naik | C11: =Detail!A53&". "&Detail!B53 -> G. Manfaat dan KPI | D11: =Detail!D56 -> Volume aplikasi terproses naik | E11: =Detail!D52 -> Reskilling peran screening | F11: =Detail!A45&". "&Detail!B45 -> F. Organisasi dan SDM | G11: =Detail!D48 -> Process owner dan bot owner | H11: =Detail!D44 -> Retensi dan pemusnahan data | I11: =Detail!A37&". "&Detail!B37 -> E. Kepatuhan dan regulasi | J11: =Detail!D40 -> Tujuan penggunaan yang sah
B12: =Detail!D59 -> Konsistensi keputusan awal | C12: =Detail!D58 -> Kepuasan nasabah dan sales | D12: =Detail!D57 -> Persen straight-through processing | E12: =Detail!D51 -> Helpdesk dan support bot | F12: =Detail!D50 -> Tim risk dan compliance | G12: =Detail!D49 -> Training dan change management | H12: =Detail!D43 -> Manajemen risiko operasional | I12: =Detail!D42 -> Audit internal (SKAI) | J12: =Detail!D41 -> Kebijakan kredit internal

Sheet Detail
A1: Detail lotus diagram: digitalisasi SLIK dengan robot RPA
A2: Cara pakai: ubah teks di kolom Detail (D), lalu Lotus Diagram ikut berubah. Isi PIC, Status, Catatan sesuai kebutuhan. Baris 5 berisi contoh pengisian PIC dan Status.
A4: Kode | B4: Dimensi | C4: No | D4: Detail | E4: PIC | F4: Status | G4: Catatan
A5: A | B5: Proses dan alur | C5: 1 | D5: Aplikasi kredit masuk dari LOS | E5: Tim RPA (contoh) | F5: Berjalan | G5: Contoh catatan
A6: A | B6: Proses dan alur | C6: 2 | D6: Robot terpicu otomatis (event/jadwal)
A7: A | B7: Proses dan alur | C7: 3 | D7: Login ke portal iDeb SLIK
A8: A | B8: Proses dan alur | C8: 4 | D8: Input NIK/NPWP debitur
A9: A | B9: Proses dan alur | C9: 5 | D9: Tarik laporan iDeb
A10: A | B10: Proses dan alur | C10: 6 | D10: Parsing dan ekstraksi data hasil
A11: A | B11: Proses dan alur | C11: 7 | D11: Simpan hasil ke LOS/database
A12: A | B12: Proses dan alur | C12: 8 | D12: Notifikasi hasil ke sales dan analis
A13: B | B13: Data dan kualitas | C13: 1 | D13: Kolektibilitas 1 sampai 5 per fasilitas
A14: B | B14: Data dan kualitas | C14: 2 | D14: Total plafon dan outstanding lintas lembaga
A15: B | B15: Data dan kualitas | C15: 3 | D15: Riwayat pembayaran 12-24 bulan
A16: B | B16: Data dan kualitas | C16: 4 | D16: Status restrukturisasi dan hapus buku
A17: B | B17: Data dan kualitas | C17: 5 | D17: Data penjamin dan grup terkait
... A68: H | B68: Roadmap dan peningkatan | C68: 8 | D68: Integrasi dengan credit scoring
