Workbook

Sheet Pricing_Rules
A1: Pricing Rules (Guardrail) — diisi/di-approve oleh Treasury/Product Owner
A3: Product | B3: Tenor_min_bulan | C3: Tenor_max_bulan | D3: Rate_min | E3: Rate_max | F3: Saldo_min_eligible_IDR
A4: TAKA Online | B4: 6 | C4: 120 | D4: 0.035 | E4: 0.0475 | F4: 2000000
A5: Deposito Online | B5: 1 | C5: 12 | D5: 0.03 | E5: 0.05 | F5: 1000000
A7: Catatan: rentang Rate_min/Rate_max adalah batas guardrail. Agent TIDAK BOLEH merekomendasikan rate di luar rentang ini.

Sheet Customer_Sample
A1: customer_id | B1: saldo_rata_rata_IDR | C1: produk_dimiliki | D1: jumlah_transaksi_bulanan | E1: jam_transaksi_favorit | F1: tenor_preference_bulan | G1: engagement_score_1_100 | H1: target_produk | I1: eligible | J1: rate_tier_direkomendasikan | K1: rate_direkomendasikan
A2: CUST-001 | B2: 25000000 | C2: Tabungan, Kartu Kredit | D2: 22 | E2: 19:00-21:00 | F2: 12 | G2: 88 | H2: TAKA Online | I2: =IF(AND($B2>=INDEX(Pricing_Rules!$F$4:$F$5,MATCH($H2,Pricing_Rules!$A$4:$A$5,0)),$F2>=INDEX(Pricing_Rules!$B$4:$B$5,MATCH($H2,Pricing_Rules!$A$4:$A$5,0)),$F2<=INDEX(Pricing_Rules!$C$4:$C$5,MATCH($H2,Pricing_Rules!$A$4:$A$5,0))),"Ya","Tidak") -> Ya | J2: =IF($I2="Tidak","Tidak Eligible",IF($G2>=80,"Premium",IF($G2>=50,"Standard Plus","Standard"))) -> Premium | K2: =IF($I2="Tidak","-",IF($J2="Premium",INDEX(Pricing_Rules!$E$4:$E$5,MATCH($H2,Pricing_Rules!$A$4:$A$5,0)),IF($J2="Standard Plus",(INDEX(Pricing_Rules!$D$4:$D$5,MATCH($H2,Pricing_Rules!$A$4:$A$5,0))+INDEX(Pricing_Rules!$E$4:$E$5,MATCH($H2,Pricing_Rules!$A$4:$A$5,0)))/2,INDEX(Pricing_Rules!$D$4:$D$5,MATCH($H2,Pricing_Rules!$A$4:$A$5,0))))) -> 0.0475
A3: CUST-002 | B3: 1500000 | C3: Tabungan | D3: 4 | E3: 08:00-10:00 | F3: 3 | G3: 30 | H3: Deposito Online | I3: =IF(AND($B3>=INDEX(Pricing_Rules!$F$4:$F$5,MATCH($H3,Pricing_Rules!$A$4:$A$5,0)),$F3>=INDEX(Pricing_Rules!$B$4:$B$5,MATCH($H3,Pricing_Rules!$A$4:$A$5,0)),$F3<=INDEX(Pricing_Rules!$C$4:$C$5,MATCH($H3,Pricing_Rules!$A$4:$A$5,0))),"Ya","Tidak") -> Ya | J3: =IF($I3="Tidak","Tidak Eligible",IF($G3>=80,"Premium",IF($G3>=50,"Standard Plus","Standard"))) -> Standard | K3: =IF($I3="Tidak","-",IF($J3="Premium",INDEX(Pricing_Rules!$E$4:$E$5,MATCH($H3,Pricing_Rules!$A$4:$A$5,0)),IF($J3="Standard Plus",(INDEX(Pricing_Rules!$D$4:$D$5,MATCH($H3,Pricing_Rules!$A$4:$A$5,0))+INDEX(Pricing_Rules!$E$4:$E$5,MATCH($H3,Pricing_Rules!$A$4:$A$5,0)))/2,INDEX(Pricing_Rules!$D$4:$D$5,MATCH($H3,Pricing_Rules!$A$4:$A$5,0))))) -> 0.03
A4: CUST-003 | B4: 60000000 | C4: Tabungan, KPR | D4: 15 | E4: 12:00-13:00 | F4: 24 | G4: 95 | H4: TAKA Online | I4: =IF(AND($B4>=INDEX(Pricing_Rules!$F$4:$F$5,MATCH($H4,Pricing_Rules!$A$4:$A$5,0)),$F4>=INDEX(Pricing_Rules!$B$4:$B$5,MATCH($H4,Pricing_Rules!$A$4:$A$5,0)),$F4<=INDEX(Pricing_Rules!$C$4:$C$5,MATCH($H4,Pricing_Rules!$A$4:$A$5,0))),"Ya","Tidak") -> Ya | J4: =IF($I4="Tidak","Tidak Eligible",IF($G4>=80,"Premium",IF($G4>=50,"Standard Plus","Standard"))) -> Premium | K4: =IF($I4="Tidak","-",IF($J4="Premium",INDEX(Pricing_Rules!$E$4:$E$5,MATCH($H4,Pricing_Rules!$A$4:$A$5,0)),IF($J4="Standard Plus",(INDEX(Pricing_Rules!$D$4:$D$5,MATCH($H4,Pricing_Rules!$A$4:$A$5,0))+INDEX(Pricing_Rules!$E$4:$E$5,MATCH($H4,Pricing_Rules!$A$4:$A$5,0)))/2,INDEX(Pricing_Rules!$D$4:$D$5,MATCH($H4,Pricing_Rules!$A$4:$A$5,0))))) -> 0.0475
A5: CUST-004 | B5: 800000 | C5: Tabungan | D5: 2 | E5: 20:00-22:00 | F5: 1 | G5: 15 | H5: Deposito Online | I5: =IF(AND($B5>=INDEX(Pricing_Rules!$F$4:$F$5,MATCH($H5,Pricing_Rules!$A$4:$A$5,0)),$F5>=INDEX(Pricing_Rules!$B$4:$B$5,MATCH($H5,Pricing_Rules!$A$4:$A$5,0)),$F5<=INDEX(Pricing_Rules!$C$4:$C$5,MATCH($H5,Pricing_Rules!$A$4:$A$5,0))),"Ya","Tidak") -> Tidak | J5: =IF($I5="Tidak","Tidak Eligible",IF($G5>=80,"Premium",IF($G5>=50,"Standard Plus","Standard"))) -> Tidak Eligible | K5: =IF($I5="Tidak","-",IF($J5="Premium",INDEX(Pricing_Rules!$E$4:$E$5,MATCH($H5,Pricing_Rules!$A$4:$A$5,0)),IF($J5="Standard Plus",(INDEX(Pricing_Rules!$D$4:$D$5,MATCH($H5,Pricing_Rules!$A$4:$A$5,0))+INDEX(Pricing_Rules!$E$4:$E$5,MATCH($H5,Pricing_Rules!$A$4:$A$5,0)))/2,INDEX(Pricing_Rules!$D$4:$D$5,MATCH($H5,Pricing_Rules!$A$4:$A$5,0))))) -> -
A6: CUST-005 | B6: 5000000 | C6: Tabungan, Kartu Kredit | D6: 10 | E6: 19:00-21:00 | F6: 6 | G6: 55 | H6: TAKA Online | I6: =IF(AND($B6>=INDEX(Pricing_Rules!$F$4:$F$5,MATCH($H6,Pricing_Rules!$A$4:$A$5,0)),$F6>=INDEX(Pricing_Rules!$B$4:$B$5,MATCH($H6,Pricing_Rules!$A$4:$A$5,0)),$F6<=INDEX(Pricing_Rules!$C$4:$C$5,MATCH($H6,Pricing_Rules!$A$4:$A$5,0))),"Ya","Tidak") -> Ya | J6: =IF($I6="Tidak","Tidak Eligible",IF($G6>=80,"Premium",IF($G6>=50,"Standard Plus","Standard"))) -> Standard Plus | K6: =IF($I6="Tidak","-",IF($J6="Premium",INDEX(Pricing_Rules!$E$4:$E$5,MATCH($H6,Pricing_Rules!$A$4:$A$5,0)),IF($J6="Standard Plus",(INDEX(Pricing_Rules!$D$4:$D$5,MATCH($H6,Pricing_Rules!$A$4:$A$5,0))+INDEX(Pricing_Rules!$E$4:$E$5,MATCH($H6,Pricing_Rules!$A$4:$A$5,0)))/2,INDEX(Pricing_Rules!$D$4:$D$5,MATCH($H6,Pricing_Rules!$A$4:$A$5,0))))) -> 0.04125
A7: CUST-006 | B7: 120000000 | C7: Tabungan, Deposito | D7: 8 | E7: 09:00-11:00 | F7: 12 | G7: 90 | H7: Deposito Online | I7: =IF(AND($B7>=INDEX(Pricing_Rules!$F$4:$F$5,MATCH($H7,Pricing_Rules!$A$4:$A$5,0)),$F7>=INDEX(Pricing_Rules!$B$4:$B$5,MATCH($H7,Pricing_Rules!$A$4:$A$5,0)),$F7<=INDEX(Pricing_Rules!$C$4:$C$5,MATCH($H7,Pricing_Rules!$A$4:$A$5,0))),"Ya","Tidak") -> Ya | J7: =IF($I7="Tidak","Tidak Eligible",IF($G7>=80,"Premium",IF($G7>=50,"Standard Plus","Standard"))) -> Premium | K7: =IF($I7="Tidak","-",IF($J7="Premium",INDEX(Pricing_Rules!$E$4:$E$5,MATCH($H7,Pricing_Rules!$A$4:$A$5,0)),IF($J7="Standard Plus",(INDEX(Pricing_Rules!$D$4:$D$5,MATCH($H7,Pricing_Rules!$A$4:$A$5,0))+INDEX(Pricing_Rules!$E$4:$E$5,MATCH($H7,Pricing_Rules!$A$4:$A$5,0)))/2,INDEX(Pricing_Rules!$D$4:$D$5,MATCH($H7,Pricing_Rules!$A$4:$A$5,0))))) -> 0.05
A8: CUST-007 | B8: 3200000 | C8: Tabungan | D8: 6 | E8: 21:00-23:00 | F8: 6 | G8: 40 | H8: TAKA Online | I8: =IF(AND($B8>=INDEX(Pricing_Rules!$F$4:$F$5,MATCH($H8,Pricing_Rules!$A$4:$A$5,0)),$F8>=INDEX(Pricing_Rules!$B$4:$B$5,MATCH($H8,Pricing_Rules!$A$4:$A$5,0)),$F8<=INDEX(Pricing_Rules!$C$4:$C$5,MATCH($H8,Pricing_Rules!$A$4:$A$5,0))),"Ya","Tidak") -> Ya | J8: =IF($I8="Tidak","Tidak Eligible",IF($G8>=80,"Premium",IF($G8>=50,"Standard Plus","Standard"))) -> Standard | K8: =IF($I8="Tidak","-",IF($J8="Premium",INDEX(Pricing_Rules!$E$4:$E$5,MATCH($H8,Pricing_Rules!$A$4:$A$5,0)),IF($J8="Standard Plus",(INDEX(Pricing_Rules!$D$4:$D$5,MATCH($H8,Pricing_Rules!$A$4:$A$5,0))+INDEX(Pricing_Rules!$E$4:$E$5,MATCH($H8,Pricing_Rules!$A$4:$A$5,0)))/2,INDEX(Pricing_Rules!$D$4:$D$5,MATCH($H8,Pricing_Rules!$A$4:$A$5,0))))) -> 0.035
A9: CUST-008 | B9: 45000000 | C9: Tabungan, KPR, Kartu Kredit | D9: 18 | E9: 18:00-20:00 | F9: 36 | G9: 82 | H9: TAKA Online | I9: =IF(AND($B9>=INDEX(Pricing_Rules!$F$4:$F$5,MATCH($H9,Pricing_Rules!$A$4:$A$5,0)),$F9>=INDEX(Pricing_Rules!$B$4:$B$5,MATCH($H9,Pricing_Rules!$A$4:$A$5,0)),$F9<=INDEX(Pricing_Rules!$C$4:$C$5,MATCH($H9,Pricing_Rules!$A$4:$A$5,0))),"Ya","Tidak") -> Ya | J9: =IF($I9="Tidak","Tidak Eligible",IF($G9>=80,"Premium",IF($G9>=50,"Standard Plus","Standard"))) -> Premium | K9: =IF($I9="Tidak","-",IF($J9="Premium",INDEX(Pricing_Rules!$E$4:$E$5,MATCH($H9,Pricing_Rules!$A$4:$A$5,0)),IF($J9="Standard Plus",(INDEX(Pricing_Rules!$D$4:$D$5,MATCH($H9,Pricing_Rules!$A$4:$A$5,0))+INDEX(Pricing_Rules!$E$4:$E$5,MATCH($H9,Pricing_Rules!$A$4:$A$5,0)))/2,INDEX(Pricing_Rules!$D$4:$D$5,MATCH($H9,Pricing_Rules!$A$4:$A$5,0))))) -> 0.0475
A10: CUST-009 | B10: 900000 | C10: Tabungan | D10: 1 | E10: 10:00-12:00 | F10: 1 | G10: 10 | H10: Deposito Online | I10: =IF(AND($B10>=INDEX(Pricing_Rules!$F$4:$F$5,MATCH($H10,Pricing_Rules!$A$4:$A$5,0)),$F10>=INDEX(Pricing_Rules!$B$4:$B$5,MATCH($H10,Pricing_Rules!$A$4:$A$5,0)),$F10<=INDEX(Pricing_Rules!$C$4:$C$5,MATCH($H10,Pricing_Rules!$A$4:$A$5,0))),"Ya","Tidak") -> Tidak | J10: =IF($I10="Tidak","Tidak Eligible",IF($G10>=80,"Premium",IF($G10>=50,"Standard Plus","Standard"))) -> Tidak Eligible | K10: =IF($I10="Tidak","-",IF($J10="Premium",INDEX(Pricing_Rules!$E$4:$E$5,MATCH($H10,Pricing_Rules!$A$4:$A$5,0)),IF($J10="Standard Plus",(INDEX(Pricing_Rules!$D$4:$D$5,MATCH($H10,Pricing_Rules!$A$4:$A$5,0))+INDEX(Pricing_Rules!$E$4:$E$5,MATCH($H10,Pricing_Rules!$A$4:$A$5,0)))/2,INDEX(Pricing_Rules!$D$4:$D$5,MATCH($H10,Pricing_Rules!$A$4:$A$5,0))))) -> -
A11: CUST-010 | B11: 15000000 | C11: Tabungan, Kartu Kredit | D11: 14 | E11: 19:00-21:00 | F11: 6 | G11: 60 | H11: Deposito Online | I11: =IF(AND($B11>=INDEX(Pricing_Rules!$F$4:$F$5,MATCH($H11,Pricing_Rules!$A$4:$A$5,0)),$F11>=INDEX(Pricing_Rules!$B$4:$B$5,MATCH($H11,Pricing_Rules!$A$4:$A$5,0)),$F11<=INDEX(Pricing_Rules!$C$4:$C$5,MATCH($H11,Pricing_Rules!$A$4:$A$5,0))),"Ya","Tidak") -> Ya | J11: =IF($I11="Tidak","Tidak Eligible",IF($G11>=80,"Premium",IF($G11>=50,"Standard Plus","Standard"))) -> Standard Plus | K11: =IF($I11="Tidak","-",IF($J11="Premium",INDEX(Pricing_Rules!$E$4:$E$5,MATCH($H11,Pricing_Rules!$A$4:$A$5,0)),IF($J11="Standard Plus",(INDEX(Pricing_Rules!$D$4:$D$5,MATCH($H11,Pricing_Rules!$A$4:$A$5,0))+INDEX(Pricing_Rules!$E$4:$E$5,MATCH($H11,Pricing_Rules!$A$4:$A$5,0)))/2,INDEX(Pricing_Rules!$D$4:$D$5,MATCH($H11,Pricing_Rules!$A$4:$A$5,0))))) -> 0.04
A12: CUST-011 | B12: 2500000 | C12: Tabungan | D12: 5 | E12: 07:00-09:00 | F12: 6 | G12: 35 | H12: TAKA Online | I12: =IF(AND($B12>=INDEX(Pricing_Rules!$F$4:$F$5,MATCH($H12,Pricing_Rules!$A$4:$A$5,0)),$F12>=INDEX(Pricing_Rules!$B$4:$B$5,MATCH($H12,Pricing_Rules!$A$4:$A$5,0)),$F12<=INDEX(Pricing_Rules!$C$4:$C$5,MATCH($H12,Pricing_Rules!$A$4:$A$5,0))),"Ya","Tidak") -> Ya | J12: =IF($I12="Tidak","Tidak Eligible",IF($G12>=80,"Premium",IF($G12>=50,"Standard Plus","Standard"))) -> Standard | K12: =IF($I12="Tidak","-",IF($J12="Premium",INDEX(Pricing_Rules!$E$4:$E$5,MATCH($H12,Pricing_Rules!$A$4:$A$5,0)),IF($J12="Standard Plus",(INDEX(Pricing_Rules!$D$4:$D$5,MATCH($H12,Pricing_Rules!$A$4:$A$5,0))+INDEX(Pricing_Rules!$E$4:$E$5,MATCH($H12,Pricing_Rules!$A$4:$A$5,0)))/2,INDEX(Pricing_Rules!$D$4:$D$5,MATCH($H12,Pricing_Rules!$A$4:$A$5,0))))) -> 0.035
A13: CUST-012 | B13: 200000000 | C13: Tabungan, Deposito, KPR | D13: 25 | E13: 20:00-22:00 | F13: 12 | G13: 97 | H13: Deposito Online | I13: =IF(AND($B13>=INDEX(Pricing_Rules!$F$4:$F$5,MATCH($H13,Pricing_Rules!$A$4:$A$5,0)),$F13>=INDEX(Pricing_Rules!$B$4:$B$5,MATCH($H13,Pricing_Rules!$A$4:$A$5,0)),$F13<=INDEX(Pricing_Rules!$C$4:$C$5,MATCH($H13,Pricing_Rules!$A$4:$A$5,0))),"Ya","Tidak") -> Ya | J13: =IF($I13="Tidak","Tidak Eligible",IF($G13>=80,"Premium",IF($G13>=50,"Standard Plus","Standard"))) -> Premium | K13: =IF($I13="Tidak","-",IF($J13="Premium",INDEX(Pricing_Rules!$E$4:$E$5,MATCH($H13,Pricing_Rules!$A$4:$A$5,0)),IF($J13="Standard Plus",(INDEX(Pricing_Rules!$D$4:$D$5,MATCH($H13,Pricing_Rules!$A$4:$A$5,0))+INDEX(Pricing_Rules!$E$4:$E$5,MATCH($H13,Pricing_Rules!$A$4:$A$5,0)))/2,INDEX(Pricing_Rules!$D$4:$D$5,MATCH($H13,Pricing_Rules!$A$4:$A$5,0))))) -> 0.05
... A21: CUST-020 | B21: 55000000 | C21: Tabungan, Deposito, Kartu Kredit | D21: 21 | E21: 20:00-22:00 | F21: 12 | G21: 93 | H21: Deposito Online | I21: =IF(AND($B21>=INDEX(Pricing_Rules!$F$4:$F$5,MATCH($H21,Pricing_Rules!$A$4:$A$5,0)),$F21>=INDEX(Pricing_Rules!$B$4:$B$5,MATCH($H21,Pricing_Rules!$A$4:$A$5,0)),$F21<=INDEX(Pricing_Rules!$C$4:$C$5,MATCH($H21,Pricing_Rules!$A$4:$A$5,0))),"Ya","Tidak") -> Ya | J21: =IF($I21="Tidak","Tidak Eligible",IF($G21>=80,"Premium",IF($G21>=50,"Standard Plus","Standard"))) -> Premium | K21: =IF($I21="Tidak","-",IF($J21="Premium",INDEX(Pricing_Rules!$E$4:$E$5,MATCH($H21,Pricing_Rules!$A$4:$A$5,0)),IF($J21="Standard Plus",(INDEX(Pricing_Rules!$D$4:$D$5,MATCH($H21,Pricing_Rules!$A$4:$A$5,0))+INDEX(Pricing_Rules!$E$4:$E$5,MATCH($H21,Pricing_Rules!$A$4:$A$5,0)))/2,INDEX(Pricing_Rules!$D$4:$D$5,MATCH($H21,Pricing_Rules!$A$4:$A$5,0))))) -> 0.05
A23: Legenda: kolom biru = input dummy (edit bebas untuk demo). Kolom hitam (eligible, tier, rate) = formula otomatis dari Pricing_Rules — jangan diedit manual.
